<?xml version="1.0" encoding="UTF-8"?>
<project-private xmlns="http://www.netbeans.org/ns/project-private/1">
    <editor-bookmarks xmlns="http://www.netbeans.org/ns/editor-bookmarks/2" lastBookmarkId="0"/>
    <open-files xmlns="http://www.netbeans.org/ns/projectui-open-files/2">
        <group>
            <file>file:/C:/Users/kiran/Documents/TMT-SDP/src/java/za/co/trudon/tmt/dal/ReportDAO.java</file>
            <file>file:/C:/Users/kiran/Documents/TMT-SDP/src/java/za/co/trudon/tmt/web/rest/service/ProjectService.java</file>
            <file>file:/C:/Users/kiran/Documents/TMT-SDP/src/java/za/co/trudon/tmt/data/type/response/Report.java</file>
            <file>file:/C:/Users/kiran/Documents/TMT-SDP/src/java/za/co/trudon/tmt/dal/ProjectDAO.java</file>
            <file>file:/C:/Users/kiran/Documents/TMT-SDP/web/monthly_reports.jsp</file>
            <file>file:/C:/Users/kiran/Documents/TMT-SDP/src/java/za/co/trudon/tmt/data/type/response/MainProject.java</file>
            <file>file:/C:/Users/kiran/Documents/TMT-SDP/src/java/za/co/trudon/tmt/data/type/response/Project.java</file>
        </group>
    </open-files>
</project-private>
