<?xml version="1.0" encoding="UTF-8"?>
<jax-ws xmlns="http://www.netbeans.org/ns/jax-ws/1">
  <services>
  </services>
  <clients>
    <client name="DocuShare">
      <wsdl-url>http://salesworx:8080/docuface/DocuShare/DocuShare?WSDL</wsdl-url>
      <local-wsdl-file>salesworx_8080/docuface/DocuShare/DocuShare.wsdl</local-wsdl-file>
      <package-name forceReplace="true">za.co.trudon.salesworx.documents</package-name>
      <catalog-file>catalog.xml</catalog-file>
      <wsimport-options>
        <wsimport-option>
          <wsimport-option-name>extension</wsimport-option-name>
          <wsimport-option-value>true</wsimport-option-value>
        </wsimport-option>
        <wsimport-option>
          <wsimport-option-name>verbose</wsimport-option-name>
          <wsimport-option-value>true</wsimport-option-value>
        </wsimport-option>
        <wsimport-option>
          <wsimport-option-name>fork</wsimport-option-name>
          <wsimport-option-value>false</wsimport-option-value>
        </wsimport-option>
        <wsimport-option>
          <wsimport-option-name>wsdlLocation</wsimport-option-name>
          <wsimport-option-value>http://salesworx:8080/docuface/DocuShare/DocuShare?WSDL</wsimport-option-value>
        </wsimport-option>
        <wsimport-option>
          <wsimport-option-name>xnocompile</wsimport-option-name>
          <wsimport-option-value>true</wsimport-option-value>
        </wsimport-option>
        <wsimport-option>
          <wsimport-option-name>xendorsed</wsimport-option-name>
          <wsimport-option-value>true</wsimport-option-value>
        </wsimport-option>
        <wsimport-option>
          <wsimport-option-name>package</wsimport-option-name>
          <wsimport-option-value>za.co.trudon.salesworx.documents</wsimport-option-value>
        </wsimport-option>
      </wsimport-options>
    </client>
    <client name="EnquiryBean">
      <wsdl-url>http://salesworx:8080/ejb/EnquiryBean?WSDL</wsdl-url>
      <local-wsdl-file>salesworx_8080/ejb/EnquiryBean.wsdl</local-wsdl-file>
      <package-name forceReplace="true">za.co.trudon.salesworx.webservice</package-name>
      <catalog-file>catalog.xml</catalog-file>
      <wsimport-options>
        <wsimport-option>
          <wsimport-option-name>extension</wsimport-option-name>
          <wsimport-option-value>true</wsimport-option-value>
        </wsimport-option>
        <wsimport-option>
          <wsimport-option-name>verbose</wsimport-option-name>
          <wsimport-option-value>true</wsimport-option-value>
        </wsimport-option>
        <wsimport-option>
          <wsimport-option-name>fork</wsimport-option-name>
          <wsimport-option-value>false</wsimport-option-value>
        </wsimport-option>
        <wsimport-option>
          <wsimport-option-name>wsdlLocation</wsimport-option-name>
          <wsimport-option-value>http://salesworx:8080/ejb/EnquiryBean?WSDL</wsimport-option-value>
        </wsimport-option>
        <wsimport-option>
          <wsimport-option-name>xnocompile</wsimport-option-name>
          <wsimport-option-value>true</wsimport-option-value>
        </wsimport-option>
        <wsimport-option>
          <wsimport-option-name>xendorsed</wsimport-option-name>
          <wsimport-option-value>true</wsimport-option-value>
        </wsimport-option>
        <wsimport-option>
          <wsimport-option-name>package</wsimport-option-name>
          <wsimport-option-value>za.co.trudon.salesworx.webservice</wsimport-option-value>
        </wsimport-option>
      </wsimport-options>
    </client>
    <client name="CapService">
      <wsdl-url>http://trudonchweb1:8080/ContentApplicationPlatform/CapService?WSDL</wsdl-url>
      <local-wsdl-file>trudonchweb1_8080/ContentApplicationPlatform/CapService.wsdl</local-wsdl-file>
      <package-name forceReplace="true">za.co.trudon.cap.webservice</package-name>
      <catalog-file>catalog.xml</catalog-file>
      <wsimport-options>
        <wsimport-option>
          <wsimport-option-name>extension</wsimport-option-name>
          <wsimport-option-value>true</wsimport-option-value>
        </wsimport-option>
        <wsimport-option>
          <wsimport-option-name>verbose</wsimport-option-name>
          <wsimport-option-value>true</wsimport-option-value>
        </wsimport-option>
        <wsimport-option>
          <wsimport-option-name>fork</wsimport-option-name>
          <wsimport-option-value>false</wsimport-option-value>
        </wsimport-option>
        <wsimport-option>
          <wsimport-option-name>wsdlLocation</wsimport-option-name>
          <wsimport-option-value>http://trudonchweb1:8080/ContentApplicationPlatform/CapService?WSDL</wsimport-option-value>
        </wsimport-option>
        <wsimport-option>
          <wsimport-option-name>xnocompile</wsimport-option-name>
          <wsimport-option-value>true</wsimport-option-value>
        </wsimport-option>
        <wsimport-option>
          <wsimport-option-name>xendorsed</wsimport-option-name>
          <wsimport-option-value>true</wsimport-option-value>
        </wsimport-option>
        <wsimport-option>
          <wsimport-option-name>package</wsimport-option-name>
          <wsimport-option-value>za.co.trudon.cap.webservice</wsimport-option-value>
        </wsimport-option>
      </wsimport-options>
    </client>
    <client name="CommsframeworkWebService.asmx">
      <wsdl-url>file:/C:/Users/MaremaM/Documents/TMT/src/conf/xml-resources/web-service-references/CommsframeworkWebService/wsdl/trudontlkypdev_8050/CommsframeworkWebService.asmx.wsdl</wsdl-url>
      <local-wsdl-file>CommsframeworkWebService.asmx.wsdl</local-wsdl-file>
      <package-name forceReplace="true">za.co.trudon.comm.webservice</package-name>
      <catalog-file>catalog.xml</catalog-file>
      <wsimport-options>
        <wsimport-option>
          <wsimport-option-name>extension</wsimport-option-name>
          <wsimport-option-value>true</wsimport-option-value>
        </wsimport-option>
        <wsimport-option>
          <wsimport-option-name>verbose</wsimport-option-name>
          <wsimport-option-value>true</wsimport-option-value>
        </wsimport-option>
        <wsimport-option>
          <wsimport-option-name>fork</wsimport-option-name>
          <wsimport-option-value>false</wsimport-option-value>
        </wsimport-option>
        <wsimport-option>
          <wsimport-option-name>wsdlLocation</wsimport-option-name>
          <wsimport-option-value>file:/C:/Users/MaremaM/Documents/TMT/src/conf/xml-resources/web-service-references/CommsframeworkWebService/wsdl/trudontlkypdev_8050/CommsframeworkWebService.asmx.wsdl</wsimport-option-value>
        </wsimport-option>
        <wsimport-option>
          <wsimport-option-name>xnocompile</wsimport-option-name>
          <wsimport-option-value>true</wsimport-option-value>
        </wsimport-option>
        <wsimport-option>
          <wsimport-option-name>xendorsed</wsimport-option-name>
          <wsimport-option-value>true</wsimport-option-value>
        </wsimport-option>
        <wsimport-option>
          <wsimport-option-name>package</wsimport-option-name>
          <wsimport-option-value>za.co.trudon.comm.webservice</wsimport-option-value>
        </wsimport-option>
      </wsimport-options>
    </client>
  </clients>
  <jsr109>true</jsr109>
</jax-ws>
