<?xml version="1.0" encoding="UTF-8"?><!--
        *** GENERATED FROM jax-ws.xml - DO NOT EDIT !                             ***
        *** TO MODIFY wsimport options USE Web Service node -> Edit WS Attributes ***
        *** TO CHANGE TARGETS GENERATED TO jaxws-build.xml COPY THOSE             ***
        *** TARGETS TO ../build.xml AND MODIFY THAT FILE INSTEAD                  ***

        --><project xmlns:xalan="http://xml.apache.org/xslt" xmlns:webproject2="http://www.netbeans.org/ns/web-project/2" xmlns:jaxws="http://www.netbeans.org/ns/jax-ws/1">
    <!--
                ===================
                JAX-WS WSGEN SECTION
                ===================
            -->
    <!--
                ===================
                JAX-WS WSIMPORT SECTION
                ===================
            -->
    <target name="wsimport-init" depends="init">
        <fail if="${wsimport.bad.version}" message="WsImport ant task defined in the classpath ${j2ee.platform.wsimport.classpath} has a serious bug. See http://wiki.netbeans.org/MetroIssue for details."/>
        <mkdir dir="${build.generated.sources.dir}/jax-ws"/>
        <property name="j2ee.platform.wsimport.classpath" value="${libs.jaxws21.classpath}"/>
        <taskdef name="wsimport" classname="com.sun.tools.ws.ant.WsImport">
            <classpath path="${java.home}/../lib/tools.jar:${j2ee.platform.wsimport.classpath}:${javac.classpath}"/>
        </taskdef>
        <condition property="conf-dir" value="${conf.dir}/" else="">
            <isset property="conf.dir"/>
        </condition>
    </target>
    <target name="wsimport-client-DocuShare" depends="wsimport-init">
        <mkdir dir="${build.generated.dir}/jax-wsCache/DocuShare"/>
        <wsimport sourcedestdir="${build.generated.dir}/jax-wsCache/DocuShare" destdir="${build.generated.dir}/jax-wsCache/DocuShare" wsdl="${basedir}/${conf-dir}xml-resources/web-service-references/DocuShare/wsdl/salesworx_8080/docuface/DocuShare/DocuShare.wsdl" catalog="catalog.xml" encoding="${source.encoding}" extension="true" verbose="true" fork="false" wsdlLocation="http://salesworx:8080/docuface/DocuShare/DocuShare?WSDL" xnocompile="true" xendorsed="true" package="za.co.trudon.salesworx.documents">
            <depends file="${basedir}/${conf-dir}xml-resources/web-service-references/DocuShare/wsdl/salesworx_8080/docuface/DocuShare/DocuShare.wsdl"/>
            <produces dir="${build.generated.dir}/jax-wsCache/DocuShare"/>
        </wsimport>
        <copy todir="${build.generated.sources.dir}/jax-ws">
            <fileset dir="${build.generated.dir}/jax-wsCache/DocuShare">
                <include name="**/*.java"/>
            </fileset>
        </copy>
    </target>
    <target name="wsimport-client-clean-DocuShare" depends="-init-project">
        <delete dir="${build.generated.sources.dir}/jax-ws/za/co/trudon/salesworx/documents"/>
        <delete dir="${build.generated.dir}/jax-wsCache/DocuShare"/>
    </target>
    <target name="wsimport-client-EnquiryBean" depends="wsimport-init">
        <mkdir dir="${build.generated.dir}/jax-wsCache/EnquiryBean"/>
        <wsimport sourcedestdir="${build.generated.dir}/jax-wsCache/EnquiryBean" destdir="${build.generated.dir}/jax-wsCache/EnquiryBean" wsdl="${basedir}/${conf-dir}xml-resources/web-service-references/EnquiryBean/wsdl/salesworx_8080/ejb/EnquiryBean.wsdl" catalog="catalog.xml" encoding="${source.encoding}" extension="true" verbose="true" fork="false" wsdlLocation="http://salesworx:8080/ejb/EnquiryBean?WSDL" xnocompile="true" xendorsed="true" package="za.co.trudon.salesworx.webservice">
            <depends file="${basedir}/${conf-dir}xml-resources/web-service-references/EnquiryBean/wsdl/salesworx_8080/ejb/EnquiryBean.wsdl"/>
            <produces dir="${build.generated.dir}/jax-wsCache/EnquiryBean"/>
        </wsimport>
        <copy todir="${build.generated.sources.dir}/jax-ws">
            <fileset dir="${build.generated.dir}/jax-wsCache/EnquiryBean">
                <include name="**/*.java"/>
            </fileset>
        </copy>
    </target>
    <target name="wsimport-client-clean-EnquiryBean" depends="-init-project">
        <delete dir="${build.generated.sources.dir}/jax-ws/za/co/trudon/salesworx/webservice"/>
        <delete dir="${build.generated.dir}/jax-wsCache/EnquiryBean"/>
    </target>
    <target name="wsimport-client-CapService" depends="wsimport-init">
        <mkdir dir="${build.generated.dir}/jax-wsCache/CapService"/>
        <wsimport sourcedestdir="${build.generated.dir}/jax-wsCache/CapService" destdir="${build.generated.dir}/jax-wsCache/CapService" wsdl="${basedir}/${conf-dir}xml-resources/web-service-references/CapService/wsdl/trudonchweb1_8080/ContentApplicationPlatform/CapService.wsdl" catalog="catalog.xml" encoding="${source.encoding}" extension="true" verbose="true" fork="false" wsdlLocation="http://trudonchweb1:8080/ContentApplicationPlatform/CapService?WSDL" xnocompile="true" xendorsed="true" package="za.co.trudon.cap.webservice">
            <depends file="${basedir}/${conf-dir}xml-resources/web-service-references/CapService/wsdl/trudonchweb1_8080/ContentApplicationPlatform/CapService.wsdl"/>
            <produces dir="${build.generated.dir}/jax-wsCache/CapService"/>
        </wsimport>
        <copy todir="${build.generated.sources.dir}/jax-ws">
            <fileset dir="${build.generated.dir}/jax-wsCache/CapService">
                <include name="**/*.java"/>
            </fileset>
        </copy>
    </target>
    <target name="wsimport-client-clean-CapService" depends="-init-project">
        <delete dir="${build.generated.sources.dir}/jax-ws/za/co/trudon/cap/webservice"/>
        <delete dir="${build.generated.dir}/jax-wsCache/CapService"/>
    </target>
    <target name="wsimport-client-CommsframeworkWebService.asmx" depends="wsimport-init">
        <mkdir dir="${build.generated.dir}/jax-wsCache/CommsframeworkWebService.asmx"/>
        <wsimport sourcedestdir="${build.generated.dir}/jax-wsCache/CommsframeworkWebService.asmx" destdir="${build.generated.dir}/jax-wsCache/CommsframeworkWebService.asmx" wsdl="${basedir}/${conf-dir}xml-resources/web-service-references/CommsframeworkWebService.asmx/wsdl/CommsframeworkWebService.asmx.wsdl" catalog="catalog.xml" encoding="${source.encoding}" extension="true" verbose="true" fork="false" wsdlLocation="file:/C:/Users/MaremaM/Documents/TMT/src/conf/xml-resources/web-service-references/CommsframeworkWebService/wsdl/trudontlkypdev_8050/CommsframeworkWebService.asmx.wsdl" xnocompile="true" xendorsed="true" package="za.co.trudon.comm.webservice">
            <depends file="${basedir}/${conf-dir}xml-resources/web-service-references/CommsframeworkWebService.asmx/wsdl/CommsframeworkWebService.asmx.wsdl"/>
            <produces dir="${build.generated.dir}/jax-wsCache/CommsframeworkWebService.asmx"/>
        </wsimport>
        <copy todir="${build.generated.sources.dir}/jax-ws">
            <fileset dir="${build.generated.dir}/jax-wsCache/CommsframeworkWebService.asmx">
                <include name="**/*.java"/>
            </fileset>
        </copy>
    </target>
    <target name="wsimport-client-clean-CommsframeworkWebService.asmx" depends="-init-project">
        <delete dir="${build.generated.sources.dir}/jax-ws/za/co/trudon/comm/webservice"/>
        <delete dir="${build.generated.dir}/jax-wsCache/CommsframeworkWebService.asmx"/>
    </target>
    <target name="wsimport-client-generate" depends="wsimport-client-DocuShare, wsimport-client-EnquiryBean, wsimport-client-CapService, wsimport-client-CommsframeworkWebService.asmx"/>
</project>
